eval_avg_reward,eval_avg_throughput,eval_avg_throughput_per_frame,eval_packet_drop_rate,eval_jamming_failure_rate,eval_fairness,eval_energy_efficiency,eval_backscatter_success_rate,eval_active_success_rate,eval_mode_usage_harvest,eval_mode_usage_backscatter,eval_mode_usage_active,episode
-1150.2653369905822,14.05,0.07025,0.7758761386385884,0.0,0.4915834870787946,0.4090896280585296,0.6494252873563219,0.2,45.95,17.1,0.3,1
-915.9384975211133,76.4,0.382,0.6499378285536977,0.0,0.5223620408162059,1.2836970422472835,0.9956462585034014,0.95,18.0,29.9,27.6,50
-846.4644033110278,91.6,0.4580000000000001,0.6150779912478178,0.0,0.6135905485689578,1.65860469957054,0.9960719131614653,1.0,10.6,46.65,27.1,100
-930.5890969843189,76.0,0.38,0.6540213826747397,0.0,0.57813556086189,1.390748350552795,0.945,0.9923076923076923,20.35,25.5,29.95,150
-811.7662435981076,109.65,0.5482499999999999,0.5870330307628376,0.0,0.6529984043693691,1.7395045406513598,0.9958423369347738,0.9990384615384615,22.1,46.15,37.95,200
-849.4889836734262,96.45,0.48224999999999996,0.609662974901626,0.0,0.6467837455818863,1.6610538050469361,0.998780487804878,0.999074074074074,23.85,39.6,32.85,250
-815.4727146431298,97.7,0.48850000000000005,0.5958515389809256,0.0,0.6906215261356862,1.5912713785817636,1.0,1.0,23.8,38.8,34.2,300
