eval_avg_reward,eval_avg_throughput,eval_avg_throughput_per_frame,eval_packet_drop_rate,eval_jamming_failure_rate,eval_fairness,eval_energy_efficiency,eval_backscatter_success_rate,eval_active_success_rate,eval_mode_usage_harvest,eval_mode_usage_backscatter,eval_mode_usage_active,episode
-1080.6439464742066,35.6,0.178,0.734744666965551,0.0,0.44677833501565756,1.0132231080023821,0.7977011494252874,0.2,45.8,42.2,0.2,1
-1184.5314228294385,7.2,0.036,0.7908172642847289,0.0,0.38063037249282655,0.2229825078947692,0.8,0.0,71.4,14.2,0.0,5
-1134.64543169789,18.8,0.094,0.765192698515843,0.0,0.41505676855895146,0.6130734178614375,0.8,0.2,11.0,17.6,1.0,10
-881.4799282868937,92.4,0.4620000000000001,0.6274701337521361,0.0,0.47900140952271153,1.5849798408159148,0.9977011494252874,1.0,6.4,56.6,24.8,15
-884.4533378609767,78.6,0.39299999999999996,0.6367870160921276,0.0,0.477050719204448,1.6077402081090533,1.0,0.9833333333333332,9.8,45.4,27.2,20
